[GWUT file, version 1.3]
[AIRCRAFT]
0,AH-64D Apache Longbow,1,47,1,50,42,47,47,7,5,2,2,4,3.8313,2.96,15,100,0.5,2000,56.6907,15,7.5,-21.3,2,3.364,0,3.5,-1,-4,0,90,180,1,15,58.86,14,-57.2958,5000,10,3000,4000,1,1,10,1136,10,1,7.315,600,2,2,1,1,200
1,Mi-28N Havoc B,1,58,51,80,62,58,58,19,5,2,2,4,3.7,2.71,15,100,0.5,2000,56.6907,15,7.5,24,2.4,6.6,0,6.5,1,-4,0,90,180,1,15,58.86,15.1,-57.2958,5000,10,3000,4000,1,1,10,1136,10,1,8.6,600,2,2,1,1,200
2,RAH-66 Comanche,1,230,81,464,166,235,107,3,5,2,2,4,3,3,15,100,0.5,2000,51.537,15,7.5,0,-1,2.4,0,3.5,-1,0,0,100,180,1,15,58.86,14.3,-57.2958,5000,10,3000,4000,1,1,10,1136,10,1,5.95,500,2,2,1,1,200
3,Ka-52 Hokum B,1,471,465,494,476,471,471,19,5,2,2,4,4.065,3.25,15,100,0.5,2000,46.3833,15,7.5,16,0,0,0,3.5,-1,-4,0,160,180,1,15,58.86,14,0,5000,10,3000,4000,1,1,10,1136,10,1,7.25,650,2,2,1,1,200
4,UH-60 Black Hawk,1,495,495,503,497,495,495,45,5,2,2,4,3.5154,3.35,15,100,0.5,2000,43.8064,24,12,0,6.9,1.7,0,2.5,-1,-4,0,80,180,1,15,58.86,12.6,-57.2958,5000,10,0,4000,0.8,1,10,1136,10,1,8.18,650,2,2,1,0,150
5,Mi-24D Hind,1,507,504,521,507,504,504,13,5,2,2,0,3.94,3.25,15,100,0.5,2000,41.2296,24,12,14.4,4.6,3.5,0,4.5,1,-4,0,70,180,1,15,58.86,13,-57.2958,5000,10,2000,4000,0.8,1,10,1136,10,1,8.65,650,2,2,1,0,150
6,CH-46E Sea Knight,1,522,522,522,522,522,522,0,5,2,3,0,4.5958,3.76,15,100,0.5,2000,36.0759,40,40,0,0,3,0,3.5,-1,-4,0,60,180,1,15,58.86,11,0,3000,10,0,0,0,0,10,1136,10,1,9.145,750,2,3,0,0,50
7,Ka-29 Helix B,1,523,523,523,523,523,523,33,5,2,2,0,3.405,3.02,15,100,0.5,2000,38.6527,25,20,0,0,3.0828,0,3.5,-1,-4,0,160,180,1,15,58.86,11,0,5000,10,0,2000,0,1,10,1136,10,1,7.95,750,2,2,1,0,75
8,CH-3 Jolly Green Giant,1,524,524,524,524,524,524,0,5,2,3,0,4.54,3.9,15,100,0.5,2000,36.0759,40,40,9.5,-0.9,1.9,0,3,-1,-4,0,40,180,1,15,58.86,10.2,-57.2958,3000,10,0,0,0,0,10,1136,10,1,9.5,800,2,3,0,0,50
9,Mi-17 Hip,1,525,525,525,525,525,525,33,5,2,2,0,4.3,4,15,100,0.5,2000,38.6527,40,40,0,-7.2,4.5,0,4.75,1,-4,0,50,180,1,15,58.86,10.4,-57.2958,5000,10,0,0,0,1,10,1136,10,1,10.645,800,2,2,1,0,50
10,CH-47D Chinook,1,526,526,526,526,526,526,0,5,2,3,0,5,4.22,15,100,0.5,2000,36.0759,40,40,0,0,3,0,3.5,1,-4,0,45,180,1,15,58.86,10.2,0,3000,10,0,0,0,0,10,1136,10,2,9.145,800,2,3,0,0,50
11,Mi-6 Hook,1,527,527,527,527,527,527,0,5,2,3,0,6.81,6,25,125,0.5,2000,36.0759,40,40,0,-2.5,1.5,0,4,1,-4,0,45,180,1,15,58.86,10.3,57.2958,3000,10,0,0,0,0,10,1136,10,1,17.5,1000,2,3,0,0,50
12,A-10A Thunderbolt,1,528,528,528,528,528,528,6,4,2,0,4,2.05,0.45,15,100,0.5,2000,154.611,700,100,0,0,0,61.8444,0,0,0,0,180,120,0.5,15,68.67,20,0,6000,10,3000,5000,0.8,1,10,1136,10,0,0,850,2,2,1,0,300
13,Su-25 Frogfoot,1,529,529,529,529,529,529,22,4,2,0,4,1.55,0.62,15,100,0.5,2000,154.611,700,100,-5.8,0,3.2,61.8444,0,0,0,0,180,120,0.5,12,78.48,20,0,6000,10,3000,5000,0.8,1,10,1136,10,0,0,850,2,2,1,0,300
14,F-16 Fighting Falcon,1,530,530,531,530,531,531,2,4,2,0,4,1.675,0.8,15,100,0.5,2000,231.916,900,100,9.9,1.4,2,113.381,0,0,0,0,180,180,1,10,98.1,20,0,10000,10,5000,6000,1,1,10,1136,10,0,0,700,2,2,1,0,400
15,MiG-29 Fulcrum,1,532,532,533,532,533,533,16,4,2,0,4,1.5882,0.42,15,100,0.5,2000,231.916,900,100,0,-3,0,113.381,0,0,0,0,180,180,1,12,98.1,20,0,10000,10,5000,6000,1,1,10,1136,10,0,0,700,2,2,1,0,400
16,AV-8B Harrier,1,534,534,534,534,534,534,4,4,2,0,4,1.925,1.07,15,100,0.5,2000,180.379,800,100,13.2,2,0.6,92.7666,0,0,0,0,180,120,0.5,9.5,58.86,20,0,6000,10,3000,5000,0.8,1,10,1136,10,0,0,700,2,2,1,0,200
17,Yak-41 Freestyle,1,535,535,535,535,535,535,16,4,2,0,4,2.45,1.25,15,100,0.5,2000,180.379,800,100,0,0.4,-0.3,92.7666,0,0,0,0,180,120,0.5,15,78.48,20,0,6000,10,3000,5000,0.8,1,10,1136,10,0,0,700,2,2,1,0,200
18,F/A-18 Hornet,1,536,536,537,536,537,537,2,4,2,0,4,1.975,0.82,15,100,0.5,2000,231.916,1000,100,0,-0.9,0.6,118.535,0,0,0,0,180,180,1,12,98.1,20,0,10000,10,6000,4000,1,1,10,1136,10,0,0,700,2,2,1,0,350
19,Su-33 Flanker,1,538,538,539,538,539,539,16,4,2,0,4,2.8,1,15,100,0.5,2000,231.916,1000,100,0,-1.7,-3.7,118.535,0,0,0,0,180,180,1,15,98.1,20,0,10000,10,6000,4000,1,1,10,1136,10,0,0,700,2,2,1,0,350
20,AH-64A Apache,1,571,540,571,561,563,562,7,5,2,2,0,3.8313,3.1,15,100,0.5,2000,56.6907,15,10,26,0,3.364,0,3.5,-1,-4,0,200,180,1,15,58.86,13.6,-57.2958,5000,10,3000,4000,1,1,10,1136,10,1,7.315,600,2,2,1,0,120
21,Ka-50 Hokum,1,578,572,601,583,578,578,19,5,2,2,0,4.065,3.5,15,100,0.5,2000,59.2675,15,10,-16,0,0,0,3.5,1,-4,0,240,180,1,15,78.48,14.5,-57.2958,5000,10,3000,4000,1,1,10,1136,10,1,7.25,600,2,2,1,0,120
22,OH-58D Kiowa Warrior,1,602,602,602,602,602,602,0,5,2,2,0,2.9,2.7,15,100,0.5,2000,61.8444,15,7.5,0,0,0,0,4.4,-1,-4,0,280,180,1,15,78.48,14,-57.2958,5000,10,3000,4000,1,1,10,1136,10,1,5.08,600,2,2,1,0,100
23,MV-22 Osprey,1,603,603,603,603,603,603,0,5,2,3,0,3.373,2.5,18,100,0.5,2000,144.304,100,100,-12,0,0,0,0,-1,-4,0,100,180,1,15,137.34,14,-57.2958,3000,10,0,0,0,0,10,1136,10,2,12.885,600,2,2,0,0,75
24,AH-1T SeaCobra,1,604,604,604,604,604,604,0,5,2,2,0,3.75,3.4,15,100,0.5,2000,56.6907,15,7.5,0,0,0,0,0,-1,-0.5,0,200,180,1,15,58.86,14,-57.2958,5000,10,3000,4000,1,1,10,1136,10,1,6.7,600,2,2,1,0,100
25,AH-1W SuperCobra,1,605,605,605,605,605,605,0,5,2,2,0,3.75,3.4,15,100,0.5,2000,56.6907,15,7.5,0,0,0,0,0,-1,-0.5,0,200,180,1,15,58.86,14,-57.2958,5000,10,3000,4000,1,1,10,1136,10,1,7.315,600,2,2,1,0,100
26,CH-53E Super Stallion,1,606,606,606,606,606,606,0,5,2,3,0,5.228,4.25,22,100,0.5,2000,43.8064,50,50,-8,0,0,0,3.5,-1,-4,0,160,180,1,15,58.86,12,-57.2958,3000,10,0,0,0,0,10,1136,10,1,12.08,600,2,3,0,0,75
27,C-17 Globemaster III,1,607,607,607,607,607,607,0,4,2,1,0,6.075,5,55,150,0.5,2000,123.689,700,700,-7,0,0,51.537,0,0,0,-1,40,40,0.1,30,29.43,20,0,3000,10,0,0,0,0,10,1136,10,0,0,850,2,3,0,0,150
28,Il-76MD Candid-B,1,608,608,608,608,608,608,0,4,2,1,0,6.55,5,55,150,0.5,2000,123.689,700,700,9,0,0,51.537,0,0,0,1,40,40,0.1,30,29.43,20,0,3000,10,0,0,0,0,10,1136,10,0,0,850,2,3,0,0,150
29,C-130J Hercules II,1,609,609,609,609,609,609,0,4,2,1,0,3.9,2.8,45,150,0.5,2000,133.996,700,700,0,0,0,51.537,0,0,0,-1,60,60,0.2,20,39.24,20,0,3000,10,0,0,0,0,10,1136,10,0,0,850,2,3,0,0,150
30,An-12B Cub,1,610,610,610,610,610,610,0,4,2,1,0,6.5,5,40,150,0.5,2000,133.996,700,700,0,0,0,51.537,0,0,0,1,50,50,0.15,20,39.24,20,0,3000,10,0,0,0,0,10,1136,10,0,0,850,2,3,0,0,150
[VEHICLES]
0,M1A2 Abrams,2,611,611,611,1,1,2,2,4,0,1,8,100,0.5,550,10.3074,4.67,2,5,196.2,20,2000,15,10,1000,2000,4000,0.333,1,10,10,1,0.75,0.5,1500,9,2,2,1,100
1,T-80U,2,612,612,612,12,1,2,2,4,0,1,8,100,0.5,550,10.3074,4.225,2,5,196.2,20,2000,15,10,1000,2000,4000,0.333,1,10,10,1,0.75,0.5,1350,9,2,2,1,100
2,M2A2 Bradley,2,613,613,613,5,1,2,3,4,0,1,8,100,0.5,550,10.3074,3.85,2,5,68.67,20,3000,15,10,2000,4000,4000,0.666,1,10,10,0.75,0.5,0.5,1000,9,2,2,1,125
3,BMP-2,2,614,614,614,19,1,2,3,4,0,1,8,100,0.5,550,10.3074,3.536,2,5,68.67,20,3000,15,10,2000,4000,4000,0.666,1,10,10,0.5,0.25,0.25,1000,9,2,2,1,125
4,BMP-3,2,615,615,615,21,1,2,3,4,0,1,8,100,0.5,550,10.3074,4.3,2,5,68.67,20,2000,15,10,1000,2000,5000,0.666,1,10,10,0.5,0.25,0.25,1000,9,2,2,1,125
5,M113A2,2,616,616,616,1,1,2,2,4,0,0,8,100,0.5,550,10.3074,2.7,2,5,68.67,20,2000,15,10,1000,2000,0,0.333,0,10,10,0.5,0.5,0.5,800,9,2,2,1,75
6,BTR-80,2,617,617,617,14,1,1,2,4,0,1,8,100,0.5,550,10.3074,4.46,2,5,68.67,20,2000,15,10,1000,2000,0,0.333,0,10,10,0.25,0.25,0,800,9,2,2,1,75
7,M1025 HumVee,2,0,0,0,0,1,1,1,5,0,0,8,100,0.5,550,10.3074,3.065,2,5,68.67,20,1000,0,0,0,0,0,0,0,10,10,0,0,0,650,9,2,2,0,50
8,BRDM-2,2,618,618,618,14,1,1,2,5,0,0,8,100,0.5,550,10.3074,3.05,2,5,68.67,20,1000,15,10,1000,2000,0,0.333,0,10,10,0.25,0,0,650,9,2,2,1,50
9,M109A2,2,619,619,619,1,1,2,2,4,0,0,8,100,0.5,550,10.3074,4.02,2,5,68.67,20,2000,15,10,1000,2000,0,0.333,0,10,10,0.75,0.5,0.25,600,9,2,2,1,100
10,2S19,2,620,620,620,12,1,2,2,4,0,1,8,100,0.5,550,10.3074,4.225,2,5,68.67,20,1000,15,10,1000,2000,0,0.333,0,10,10,0.75,0.5,0.25,600,9,2,2,1,100
11,M270 MLRS,2,621,621,621,11,1,2,1,4,0,0,8,100,0.5,550,10.3074,4.08,2,5,68.67,20,2000,0,0,0,0,0,0,0,10,10,0.25,0,0,700,3,2,2,1,100
12,BM-21 Grad,2,622,622,622,27,1,1,1,4,0,0,8,100,0.5,550,10.3074,4.96,2,5,68.67,20,2000,0,0,0,0,0,0,0,10,10,0,0,0,700,3,2,2,1,100
13,M163 Vulcan,2,623,623,623,2,1,3,3,4,6,0,8,100,0.5,550,10.3074,2.7,2,5,68.67,20,2000,15,10,1000,2500,0,0.666,0,10,10,0.25,0.25,0.25,600,9,2,2,1,100
14,SA-19 Grison,2,624,624,624,17,1,3,3,4,5,0,8,100,0.5,550,10.3074,4.8308,2,5,68.67,20,6000,15,10,4000,7500,0,1,0,10,10,0.5,0.25,0,600,9,2,2,1,150
15,M1037 Avenger,2,625,625,625,55,1,3,3,4,5,0,8,100,0.5,550,10.3074,3.07,2,5,68.67,20,4000,15,10,3000,4000,0,1,0,10,10,0,0,0,600,3,2,2,1,125
16,M48A1 Chaparral,2,626,626,626,54,1,3,3,4,5,0,8,100,0.5,550,10.3074,2.91,2,5,68.67,20,4000,15,10,3000,5000,0,1,0,10,10,0,0,0,600,3,2,2,1,125
17,SA-13 Gopher,2,627,627,627,59,1,3,3,4,5,0,8,100,0.5,550,10.3074,3.8608,2,5,68.67,20,3000,15,10,3000,5000,0,1,0,10,10,0.5,0.25,0,600,3,2,2,1,100
18,M998 HumVee,2,0,0,0,0,1,1,1,5,0,0,8,100,0.5,550,10.3074,3.065,2,5,68.67,20,1000,0,0,0,0,0,0,0,10,10,0,0,0,350,3,2,2,0,50
19,UAZ-469B,2,0,0,0,0,1,1,1,4,0,0,8,100,0.5,550,10.3074,2.35,2,5,68.67,20,1000,0,0,0,0,0,0,0,10,10,0,0,0,350,3,2,2,0,50
20,M923A1 Big Foot Open,2,0,0,0,0,1,1,1,5,0,0,8,100,0.5,550,10.3074,5.05,2,5,68.67,20,1000,0,0,0,0,0,0,0,10,10,0,0,0,350,3,2,2,0,50
21,M923A1 Big Foot Covered,2,0,0,0,0,1,1,1,5,0,0,8,100,0.5,550,10.3074,5.05,2,5,68.67,20,1000,0,0,0,0,0,0,0,10,10,0,0,0,350,3,2,2,0,50
22,Ural-4320,2,0,0,0,0,1,1,1,5,0,0,8,100,0.5,550,10.3074,4.96,2,5,68.67,20,1000,0,0,0,0,0,0,0,10,10,0,0,0,300,3,2,2,0,50
23,M978 HEMTT,2,0,0,0,0,1,1,1,5,0,0,8,100,0.5,550,10.3074,6.9,2,5,68.67,20,1000,0,0,0,0,0,0,0,10,10,0,0,0,300,3,2,2,0,50
24,Ural Fuel Tanker,2,0,0,0,0,1,1,1,5,0,0,8,100,0.5,550,10.3074,4.96,2,5,68.67,20,1000,0,0,0,0,0,0,0,10,10,0,0,0,300,3,2,2,0,50
25,Tarawa Class,3,628,628,628,5,1,6,3,6,5,0,250,1000,0.5,5100,12.3689,100,2,5,0.1962,20,8000,15,10,5000,10000,0,0.8,0,10,10,0,0,0,12000,11,2,3,1,3000
26,Kiev Class,3,629,629,629,23,1,6,3,6,5,0,250,1000,0.5,5100,16.4918,100,2,5,0.1962,20,8000,15,10,5000,10000,0,0.8,0,10,10,0,0,0,15000,11,2,3,1,3500
27,Oliver Hazard Perry Class,3,630,630,630,56,1,6,3,6,5,0,125,750,0.5,5100,14.9457,100,2,5,0.4905,20,6000,15,10,5000,8000,0,1,0,10,10,0,0,0,8000,10,2,3,1,1500
28,Krivak II Class,3,631,631,631,62,1,6,3,6,5,0,125,750,0.5,5100,16.4918,100,2,5,0.4905,20,6000,15,10,5000,8000,0,1,0,10,10,0,0,0,8000,10,2,3,1,1000
29,Landing Craft Utility,3,0,0,0,0,1,6,1,7,0,0,25,300,0.5,500,3.86527,100,2,5,0.981,20,1000,0,0,0,0,0,0,0,10,10,0,0,0,1000,4,2,2,0,50
30,Landing Craft Air Cushioned,3,0,0,0,0,1,6,1,7,0,0,25,300,0.5,500,3.86527,100,2,5,0.981,20,1000,0,0,0,0,0,0,0,10,10,0,0,0,1000,4,2,2,0,50
31,Aist Class,3,632,632,632,23,1,6,3,7,6,0,30,350,0.5,500,3.86527,100,2,5,0.981,20,1000,15,10,1000,2000,0,0.666,0,10,10,0,0,0,1000,4,2,2,1,50
32,Infantry Unarmed US,2,0,0,0,0,1,0,1,4,0,0,2.5,10,0.5,100,0.8,0,0,0,9.81,0,500,0,0,0,0,0,0,0,10,10,0,0,0,20,3,0,1,0,0
33,Infantry with SAM Standing US,2,633,633,633,55,1,3,3,4,0,0,2.5,10,0.5,100,2.57685,0,0,0,9.81,0,1000,15,5,3000,5000,0,1,0,10,10,0,0,0,20,3,4,1,1,150
34,Infantry with SAM Kneeling US,2,634,634,634,55,1,3,3,4,0,0,2.5,10,0.5,100,0,0,0,0,9.81,0,1000,15,5,3000,5000,0,1,0,10,10,0,0,0,20,3,4,1,1,150
35,Infantry Unarmed CIS,2,0,0,0,0,1,0,1,4,0,0,2.5,10,0.5,100,0.8,0,0,0,9.81,0,500,0,0,0,0,0,0,0,10,10,0,0,0,20,3,0,1,0,0
36,Infantry with SAM Standing CIS,2,635,635,635,58,1,3,3,4,0,0,2.5,10,0.5,100,2.57685,0,0,0,9.81,0,1000,15,5,1500,3000,0,1,0,10,10,0,0,0,20,3,4,1,1,150
37,Infantry with SAM Kneeling CIS,2,636,636,636,58,1,3,3,4,0,0,2.5,10,0.5,100,0,0,0,0,9.81,0,1000,15,5,1500,3000,0,1,0,10,10,0,0,0,20,3,4,1,1,150
[WEAPONS]
0,No Weapon,0,0,0,0,0,0,0,0,0,0,0,0,0,0,0,0,0,0,0,0,0,0,0,0,0,0,0,0,0,0,0,0,0,0,0,0,0,0,0,0,0,0,0
1,12.7mm Round,0,1,0,1,0,0,1,4,0,0,1,1,0,1,0,0,0,0,0,1,1,0,0,0,0,0,1800,600,0,1800,0,600,0,600,0,0,3,0,0,3,1000,10,1
2,M61A1 20mm Round,0,1,0,1,0,0,1,12,0,0,1,1,0,1,0,0,0,1,1,1,1,0,0,0,0,0,1600,600,0,1600,0,884,0,884,0,0,1.80995,0,0,3,1000,10,1
3,M197 20mm Round,0,1,0,1,0,0,1,12,5,0,1,1,0,1,0,0,0,1,1,0,0,0,0,0,0.257,0,1600,500,0,1600,0,884,0,884,0,0,1.80995,0,0,3,750,0,1
4,GAU-12/U 25mm Round,0,1,0,1,0,0,1,15,3,0,1,1,0,1,0,0,0,1,1,0,0,0,0,0,0,0,1600,600,0,1600,0,1051,0,1051,0,0,1.52236,0,0,3,1650,0,1
5,M242 25mm Round,0,1,0,1,0,0,1,16,6,0,1,1,0,1,0,0,0,0,0,1,1,0,0,0,0,0,3500,2000,0,3500,0,1000,0,1000,0,0,3.5,0,0,3,1000,9,1
6,GAU-8/A 30mm Round,0,1,0,3,0,0,1,100,100,0,1,1,0,1,0,0,0,1,1,0,0,0,0,0,0,0,1200,600,0,1200,0,1030,0,1030,0,0,1.16505,0,0,3,2100,0,1
7,M230 30mm Round,0,1,0,2,0,50,1,30,15,0,1,1,0,1,0,0,0,1,1,0,0,0,0,0,0.495,0,1200,800,0,1200,0,792,0,792,0,0,1.51515,0,0,3,625,0,1
8,M75 76mm Round,0,2,0,2,0,0,0,450,450,0,0,0,0,0,1,0,0,0,0,0,1,0,0,0,0,2571.4,4000,2000,2571.4,4000,0.0125,198.1,0,198.1,0,0,28.6,0,0,0,0,20,1
9,M256 120mm Round,0,2,0,4,0,0,0,634,634,0,0,0,0,0,1,0,0,0,0,0,1,0,0,0,0,0,4000,2000,0,4000,0.0125,247.1,0,247.1,0,0,17.2,0,0,0,0,15,1
10,M284 155mm Round,0,2,0,4,0,0,0,1610,1610,0,0,0,0,0,1,0,0,0,0,0,1,0,0,0,0,0,30000,15000,0,30000,0.005,542.5,0,542.5,0,0,78.2,0,0,0,0,20,1
11,M270 227mm Rocket,0,2,0,4,0,0,0,2500,2500,1,0,0,0,0,1,0,0,0,0,0,1,0,0,0,0,15801.5,31600,15000,15801.5,31600,0.00474684,556.8,0,556.8,0,0,80.3,0,0,0,0,25,1
12,12.7mm Round,0,1,0,1,0,0,1,4,0,0,1,1,0,1,0,0,0,0,0,1,1,0,0,0,0,0,1800,600,0,1800,0,600,0,600,0,0,3,0,0,3,1000,10,1
13,9-A-624 12.7mm Round,0,1,0,1,0,0,1,5,0,0,1,1,0,1,0,0,0,1,1,0,0,0,0,0,0,0,1500,800,0,1500,0,600,0,600,0,0,2.5,0,0,3,4000,0,1
14,14.5mm Round,0,1,0,1,0,0,1,6,0,0,1,1,0,1,0,0,0,0,0,1,1,0,0,0,0,0,1600,600,0,1600,0,600,0,600,0,0,2.66667,0,0,3,1000,12,1
15,GSh-23L 23mm Round,0,1,0,1,0,40,1,25,8,0,1,1,0,1,0,1,0,1,1,0,0,0,0,0,0.2,0,2000,500,0,2000,0,930,0,930,0,0,2.15054,0,0,3,1000,0,1
16,GSh-301 30mm Round,0,1,0,2,0,0,1,40,25,0,1,1,0,1,0,0,0,1,1,0,0,0,0,0,0,0,1600,800,0,1600,0,800,0,800,0,0,2,0,0,3,1000,0,1
17,2A38M 30mm Round,0,1,0,2,0,0,1,25,10,0,1,1,0,1,0,0,0,0,0,1,0,0,0,0,0,0,2500,1500,0,2500,0,1200,0,1200,0,0,2.08333,0,0,3,1000,15,1
18,2A42 30mm Round,0,1,0,2,0,0,1,30,15,0,1,1,0,1,0,0,0,0,0,1,1,0,0,0,0,0,4000,800,0,4000,0,1000,0,1000,0,0,4,0,0,3,350,15,1
19,2A42 30mm HE Round,0,1,0,2,0,20,1,30,15,0,1,1,0,1,0,0,0,1,1,0,0,0,0,0,1,0,2000,600,0,2000,0,1000,0,1000,0,0,2,0,0,3,350,0,1
20,2A42 30mm AP Round,0,1,0,3,0,20,1,25,25,0,1,1,0,1,0,0,0,1,1,0,0,0,0,0,1,0,2000,600,0,2000,0,1000,0,1000,0,0,2,0,0,3,350,0,1
21,2A72 30mm Round,0,1,0,2,0,0,1,30,15,0,1,1,0,1,0,0,0,0,0,1,1,0,0,0,0,0,2000,1000,0,2000,0,800,0,800,0,0,2.5,0,0,3,1000,16,1
22,AO-17A 30mm Round,0,1,0,3,0,0,1,30,15,0,1,1,0,1,0,0,0,1,1,0,0,0,0,0,0,0,1500,800,0,1500,0,1000,0,1000,0,0,1.5,0,0,3,100,0,1
23,ADMG-630 30mm Round,0,1,0,2,0,0,1,30,15,0,1,1,0,1,0,0,0,0,0,1,0,0,0,0,0,0,1500,1000,0,1500,0,800,0,800,0,0,1.875,0,0,3,1000,9,1
24,76mm Round,0,2,0,4,0,0,0,450,450,0,0,0,0,0,1,0,0,0,0,0,1,0,0,0,0,0,4000,2000,0,4000,0.0125,198.1,0,198.1,0,0,28.6,0,0,0,0,20,1
25,100mm Round,0,2,0,4,0,0,0,650,650,0,0,0,0,0,1,0,0,0,0,0,1,0,0,0,0,0,4000,2000,0,4000,0.0125,198.1,0,198.1,0,0,28.6,0,0,0,0,25,1
26,2K23 100mm Round,0,2,0,4,0,0,0,650,650,0,0,0,0,0,1,0,0,0,0,0,1,0,0,0,0,0,4000,2000,0,4000,0.0125,198.1,0,198.1,0,0,28.6,0,0,0,0,22,1
27,BM-21 122mm Rocket,0,2,0,2,0,0,0,1400,1400,1,0,0,0,0,1,0,0,0,0,0,1,0,0,0,0,5209.4,30000,15000,5209.4,30000,0.005,542.5,0,542.5,0,0,78.2,0,0,0,0,20,1
28,2A46M1 125mm Round,0,2,0,4,0,0,0,688,688,0,0,0,0,0,1,0,0,0,0,0,1,0,0,0,0,0,4000,3000,0,4000,0.0125,289.1,0,289.1,0,0,14.3,0,0,0,0,15,1
29,2A65 152mm Round,0,2,0,2,0,0,0,1548,1548,0,0,0,0,0,1,0,0,0,0,0,1,0,0,0,0,0,24000,12000,0,24000,0.00625,485.2,0,485.2,0,0,69.9,0,0,0,0,25,1
30,Hydra 70 M255,0,1,0,2,0,5,0,500,120,1,1,1,0,1,1,1,0,0,1,0,0,0,0,0,6,100,5000,800,100,5000,0,50,0,850,294.3,2.718,4.443,0,0,0,0,0,0.1
31,Hydra 70 M261,0,1,0,4,0,5,0,600,400,1,1,1,0,1,1,1,0,0,1,0,0,0,0,0,6,100,5000,800,100,5000,0,50,0,850,294.3,2.718,4.443,0,0,0,0,0,0.1
32,LAU-69/A,0,1,0,2,0,0,0,500,150,1,1,1,0,1,1,0,0,0,1,0,0,0,0,0,0,100,5000,750,100,5000,0,50,0,850,294.3,2.718,4.443,0,0,0,0,0,0.1
33,S-5,0,1,0,2,0,0,0,500,150,1,1,1,0,1,1,0,0,0,1,0,0,0,0,0,0,100,3000,600,100,3000,0,50,0,700,294.3,2.209,3.103,0,0,0,0,0,0.1
34,S-8,0,1,0,4,0,5,0,600,400,1,1,1,0,1,1,1,0,0,1,0,0,0,0,0,11.3,100,4000,600,100,4000,0,50,0,750,294.3,2.379,4.065,0,0,0,0,0,0.1
35,S-13,0,1,0,4,0,3,0,800,550,1,1,1,0,1,1,1,0,0,1,0,0,0,0,0,68,100,6000,600,100,6000,0,50,0,800,294.3,2.548,6.146,0,0,0,0,0,0.1
36,AIM-92 Stinger,1,1,0,2,2,1,0,550,0,1,1,0,0,1,1,0,0,1,0,0,0,0,0,0,13.6,500,5000,2500,500,5000,0,50,0,680,147.15,4.281,5.055,0,1,0,0,0,40
37,AIM-9M Sidewinder,1,1,0,2,2,0,0,1000,0,1,1,0,0,1,1,0,0,1,0,0,0,0,0,0,0,500,18000,5000,500,18000,0,50,0,850,147.15,5.437,18.298,0,1,0,0,0,40
38,AIM-120 AMRAAM,3,1,0,2,1,0,0,1400,50,1,1,0,0,1,1,0,0,1,0,0,0,0,0,0,0,500,65000,5000,500,65000,0,50,0,1300,147.15,8.495,45.589,0,1,0,0,0,45
39,Igla-V,1,1,0,2,2,2,0,550,0,1,1,0,0,1,1,0,0,1,0,0,0,0,0,0,18.2,500,5200,3000,500,5200,0,50,0,850,147.15,5.437,3.239,0,1,0,0,0,30
40,AA-8A Aphid,1,1,0,2,2,0,0,1132,40,1,1,0,0,1,1,0,0,1,0,0,0,0,0,0,0,500,10000,5000,500,10000,0,50,0,1000,147.15,6.456,6.611,0,1,0,0,0,30
41,AA-8B Aphid,2,1,0,2,1,0,0,1132,40,1,1,0,0,1,1,0,0,1,0,0,0,0,0,0,0,500,15000,5000,500,15000,0,50,0,1000,147.15,6.456,11.611,0,1,0,0,0,30
42,AA-10A Alamo,2,1,0,2,1,0,0,1220,40,1,1,0,0,1,1,0,0,1,0,0,0,0,0,0,0,500,40000,5000,500,40000,0,50,0,1500,147.15,9.854,21.575,0,1,0,0,0,30
43,AA-10B Alamo,1,1,0,2,2,0,0,1250,40,1,1,0,0,1,1,0,0,1,0,0,0,0,0,0,1,500,20000,5000,500,20000,0,50,0,1500,147.15,9.854,8.242,0,1,0,0,0,30
44,AA-11 Archer,1,1,0,2,2,0,0,1300,40,1,1,0,0,1,1,0,0,1,0,0,0,0,0,0,1,500,30000,5000,500,30000,0,50,0,850,147.15,5.437,32.416,0,1,0,0,0,30
45,AGM-114L Longbow Hellfire,3,1,0,4,1,2,0,2000,2000,1,1,0,0,1,1,0,1,0,1,0,0,0,0,0,45,500,8000,3000,1500,8000,0,50,0,442,98.1,3.996,23.5,0,1,0,0,0,30
46,AGM-114K Hellfire II,4,1,0,4,3,2,0,2000,2000,1,1,0,0,1,1,0,1,0,1,0,0,0,0,0,45,500,8000,3000,1500,8000,0,50,0,442,98.1,3.996,23.5,0,1,0,0,0,30
47,AGM-65D Maverick,1,1,0,4,2,0,0,3000,3000,1,1,0,0,1,1,0,0,0,1,0,0,0,0,0,0,500,24000,6000,500,24000,0,50,0,340,49.05,5.912,67.197,0,1,0,0,0,10
48,AGM-65F Maverick,1,1,0,4,2,0,0,3000,3000,1,1,0,0,1,1,0,0,0,1,0,0,0,0,0,0,500,24000,6000,500,24000,0,50,0,340,49.05,5.912,67.197,0,1,0,0,0,10
49,Ataka,7,1,0,4,1,2,0,2000,2000,1,1,0,0,1,1,0,0,0,1,0,0,0,0,0,42.5,500,6000,3000,500,6000,0,50,0,400,98.1,3.568,12.993,0,1,0,0,0,25
50,Vikhr,4,1,0,4,3,0,0,2000,2000,1,1,0,0,1,1,0,0,0,1,0,0,0,0,0,45,500,10000,3000,500,10000,0,50,0,400,98.1,3.568,22.993,0,1,0,0,0,25
51,AT-6 Spiral,7,1,0,4,1,0,0,744,744,1,1,0,0,1,1,0,0,0,1,0,0,0,0,0,0,500,7000,3000,500,7000,0,50,0,340,98.1,2.956,18.893,0,1,0,0,0,20
52,AS-10 Karen,1,1,0,4,2,0,0,1000,1000,1,1,0,0,1,1,0,0,0,1,0,0,0,0,0,0,500,10000,4000,500,10000,0,50,0,340,49.05,5.912,26.021,0,1,0,0,0,10
53,AS-14 Kedge,4,1,0,4,3,0,0,6354,6354,1,1,0,0,1,1,0,0,0,1,0,0,0,0,0,0,500,40000,6000,500,40000,0,50,0,340,49.05,5.912,114.256,0,1,0,0,0,10
54,Chaparral,1,1,0,2,2,0,0,300,0,1,1,0,0,1,1,0,0,0,0,1,0,0,0,0,0,500,5000,3500,500,5000,0,50,0,850,147.15,5.437,3.004,0,1,0,0,25,60
55,FIM-92A Stinger,1,1,0,2,2,0,0,300,0,1,1,0,0,1,1,0,0,0,0,1,0,0,0,0,0,500,5000,3500,500,5000,0,50,0,680,147.15,4.281,5.055,0,1,0,0,25,40
56,SM-1MR Standard,2,1,0,2,1,0,0,300,0,1,1,0,0,1,1,0,0,0,0,1,0,0,0,0,0,500,30000,15000,500,30000,0,50,0,850,98.1,8.155,30.977,0,1,0,0,25,60
57,Sea Sparrow,2,1,0,2,1,0,0,300,0,1,1,0,0,1,1,0,0,0,0,1,0,0,0,0,0,500,55000,15000,500,55000,0,50,0,850,98.1,8.155,60.389,0,1,0,0,25,60
58,SA-7 Grail,1,1,0,2,2,0,0,300,0,1,1,0,0,1,1,0,0,0,0,1,0,0,0,0,0,500,3200,2000,500,3200,0,50,0,510,147.15,3.126,4.558,0,1,0,0,25,30
59,SA-13 Gopher,1,1,0,2,2,0,0,400,0,1,1,0,0,1,1,0,0,0,0,1,0,0,0,0,0,500,5000,3500,500,5000,0,50,0,510,98.1,4.689,7.23,0,1,0,0,25,25
60,SA-19 Grison SAM,7,1,0,2,1,0,0,450,0,1,1,0,0,1,1,0,0,0,0,1,0,0,0,0,0,500,8000,5000,500,8000,0,50,0,890,147.15,5.708,5.974,0,1,0,0,25,60
61,SA-N-3 Goblet,7,1,0,2,1,0,0,350,0,1,1,0,0,1,1,0,0,0,0,1,0,0,0,0,0,500,24000,12000,500,24000,0,50,0,952,98.1,9.195,20.371,0,1,0,0,25,45
62,SA-N-4 Gecko,7,1,0,2,1,0,0,400,0,1,1,0,0,1,1,0,0,0,0,1,0,0,0,0,0,500,12000,8000,500,12000,0,50,0,850,98.1,8.155,9.8,0,1,0,0,24,45
63,M220 TOW2B,8,1,0,4,0,0,0,1017,1017,1,1,0,0,1,1,0,0,0,0,0,1,0,0,0,0,100,3750,3000,100,3750,0,50,0,300,49.05,5.097,9.527,0,1,0,0,30,30
64,AT-5 Spandrel,2,1,0,4,1,0,0,802,802,1,1,0,0,1,1,0,0,0,0,0,1,0,0,0,0,100,4000,3000,100,4000,0,50,0,300,49.05,5.097,10.36,0,1,0,0,30,15
65,AT-10 Stabber,5,1,0,4,3,0,0,440,440,1,1,0,0,1,1,0,0,0,0,0,1,0,0,0,0,100,5000,3000,100,5000,0,50,0,300,49.05,5.097,13.694,0,1,0,0,30,20
66,AT-11 Sniper,5,1,0,4,3,0,0,688,688,1,1,0,0,1,1,0,0,0,0,0,1,0,0,0,0,100,4000,3000,100,4000,0,50,0,300,49.05,5.097,10.36,0,1,0,0,30,20
67,CHAFF,0,0,1,0,0,10,0,0,0,0,0,0,0,0,0,0,0,0,0,0,0,1,0,0,0,0,0,0,0,0,0,20,5,25,0,0,3,2,0,0,0,0,0
68,FLARE,0,0,2,0,0,10,0,0,0,3,0,0,0,0,0,0,0,0,0,0,0,1,0,0,0,0,0,0,0,0,0,40,10,50,0,0,3,2,0,0,0,0,0
69,SMOKE GRENADE,0,0,3,5,0,0,0,0,0,0,0,0,1,0,0,0,0,0,0,0,0,1,0,0,0,0,0,0,0,0,0,6,0,6,0,0,45,15,0,0,0,0,0
70,CRATE,0,0,0,0,0,0,0,0,0,0,0,0,1,0,0,0,0,0,0,0,0,0,1,0,0,0,0,0,0,0,0,0,0,0,0,0,511,0,0,0,0,0,0
71,Rotor Blade,0,0,0,1,0,0,0,550,0,0,0,0,0,1,0,0,0,0,0,0,0,0,0,1,0,0,0,0,0,0,0,15,5,20,0,0,10,5,0,0,0,0,0
72,Ejected Pilot,0,0,0,1,0,0,0,550,0,2,0,0,0,1,0,0,0,0,0,0,0,0,0,1,0,0,0,0,0,0,0,50,10,60,0,0,511,0,0,0,0,0,0
73,Ejected Co-pilot,0,0,0,1,0,0,0,550,0,2,0,0,0,1,0,0,0,0,0,0,0,0,0,1,0,0,0,0,0,0,0,50,10,60,0,0,511,0,0,0,0,0,0
74,Crew Door,0,0,0,1,0,0,0,550,0,0,0,0,0,1,0,0,0,0,0,0,0,0,0,1,0,0,0,0,0,0,0,6,2,8,0,0,10,5,0,0,0,0,0
75,Crew Door,0,0,0,1,0,0,0,550,0,0,0,0,0,1,0,0,0,0,0,0,0,0,0,1,0,0,0,0,0,0,0,6,2,8,0,0,10,5,0,0,0,0,0
[KEYSITES]
0,Airbase,-0.2,-0.4,1,0.3,80000,400000,1000,80,0,0,2,1,1,3,2,1,0,1,1,1,1,0,1,1
1,Carrier,0,0,1,0.3,60000,100000,280,50,0,1,1,1,1,1,1,0,1,0,1,1,0,1,0,1
2,Factory,1,0,0.5,0.3,40000,0,300,20,0,0,0,1,0,0,0,0,0,1,0,0,1,0,1,0
3,FARP,-0.05,-0.03,0.4,0.3,40000,100000,320,40,1,1,1,1,1,1,1,1,0,1,0,1,1,0,1,0
4,Military Base,-0.2,-0.2,0.8,0.3,30000,0,450,30,0,1,0,1,1,0,0,0,0,1,0,1,1,0,1,1
5,Port,0.2,0.2,0.2,0.3,20000,0,700,20,0,0,0,1,1,0,0,0,0,0,0,0,1,0,0,0
6,Power Station,0,-0.5,0.3,0.3,30000,0,400,0,0,1,0,0,1,0,0,0,0,0,0,1,1,0,0,1
7,Oil Refinery,0,1,0.4,0.3,30000,0,800,20,0,1,0,0,1,0,0,0,0,0,0,1,1,0,0,1
8,Radio Transmitter,0,0,0.5,0.3,30000,0,250,30,0,1,0,0,0,0,0,0,0,0,0,1,1,0,0,0
[GROUPS]
0,Attack Helicopters,0,2,22,1,2,14,0,1,4,6,5,60,0,0,1,1,3,4,2,1,6,8,3,6,0,0
1,Marine Attack Helicopters,0,2,22,1,2,14,24,7,4,6,5,60,0,0,1,1,3,4,0,1,4,5,3,6,0,0
2,Assault Helicopters,0,2,22,1,2,14,4,5,7,6,5,60,0,0,1,1,3,4,0,1,0,8,2,6,0,10
3,Marine Assault Helicopters,0,2,22,1,2,14,6,7,7,6,5,60,0,0,1,1,3,4,0,1,0,0,2,5,4,0
4,Recon Helicopters,0,2,22,1,2,14,22,21,4,6,5,60,0,0,1,1,3,4,0,1,0,0,4,8,0,0
5,Recon/Attack Helicopters,0,2,22,1,2,14,2,3,4,6,5,60,0,0,1,1,3,4,3,1,7,8,4,8,0,0
6,Medium-Lift Transport Helicopters,0,2,22,1,2,14,8,9,7,7,5,60,0,0,0,1,3,2,0,1,0,0,1,4,8,0
7,Heavy-Lift Transport Helicopters,0,2,22,1,2,14,10,11,7,7,5,60,0,0,0,1,3,2,0,1,0,0,1,4,10,0
8,Multi-Role Fighters,1,2,22,1,0,10,14,15,2,9,5,60,0,0,1,1,3,4,1,1,10,6,10,0,0,0
9,Carrier-Borne Attack Aircraft,1,2,22,1,0,10,16,17,2,9,5,60,0,0,1,1,3,4,1,1,5,8,8,0,0,0
10,Carrier-Borne Interceptors,1,2,22,1,0,10,18,19,2,9,5,60,0,0,1,1,3,4,0,1,10,2,10,0,0,0
11,Close Air Support Aircraft,1,2,22,1,0,10,12,13,2,8,5,60,0,0,1,1,3,4,1,1,0,10,8,0,0,0
12,Medium-Lift Transport Aircraft,1,2,22,1,1,10,29,30,7,10,5,60,0,0,0,1,3,2,0,1,0,0,6,0,8,0
13,Heavy-Lift Transport Aircraft,1,2,22,1,1,10,27,28,7,10,5,60,0,0,0,1,3,2,0,1,0,0,5,0,10,0
14,Air Defence Artillery,2,15,20,2,3,1,16,17,7,11,10,60,0,1,1,0,1,4,0,2,10,0,0,0,0,0
15,Frontline,2,15,20,2,3,23,0,1,8,12,3,60,1,0,1,1,1,16,0,2,6,10,0,0,0,0
16,Support,2,15,20,2,3,23,0,1,8,12,3,60,2,0,1,1,1,16,0,2,5,7,0,0,0,0
17,Artillery,2,15,20,2,3,23,9,10,8,13,1,60,3,0,1,1,1,4,0,2,0,10,0,0,0,0
18,MLRS,2,15,20,2,3,23,11,12,8,13,1,60,3,0,1,1,1,4,0,2,0,10,0,0,0,0
19,Infantry,4,15,20,2,4,1,33,36,7,15,8,60,0,1,1,0,2,1,0,0,6,0,0,0,0,0
20,Infantry,4,15,20,2,4,19,32,35,7,16,4,60,0,0,0,0,2,8,0,0,6,0,0,0,0,0
21,Infantry,4,15,22,2,4,19,32,35,7,15,1,60,0,0,0,0,2,8,0,0,6,0,0,0,0,0
22,Assault Ships,3,32,20,3,5,28,25,26,6,14,5,60,0,0,1,0,4,1,0,1,10,0,0,0,0,0
23,Frigates,3,32,20,3,5,28,27,28,6,14,5,60,0,0,1,1,4,2,0,1,8,0,0,0,0,0
24,Landing Craft,3,32,20,3,5,28,30,31,6,14,5,60,0,0,0,1,4,4,0,1,0,0,0,0,0,0
25,Buildings,4,0,4,0,3,29,1,1,0,17,0,0,0,1,0,0,0,0,0,0,0,0,0,0,0,0
[TASKS]
0,Nothing,3,0,0,0,5,0,0,1,0,0,15,1,0,0,0,0,0,1,1,0,0,0,0,0,0,100,100,0,4,0,0,0,0,0,0,0,0,0,0,0,0
1,Advance,2,9,0,0,1,11,0,1,2,0,15,1,1,0,0,1,0,0,0,1,0,0,0,0,0,100,100,0,2,0,0,0,1,0,0,0,0,0,0,0,0
2,Anti-Ship Strike,1,7,4,2,5,15,3,2,2,1,3,1,1,0,0,1,1,1,1,1,1,1,1,1,3,25,50,750,1,1,0,1,0,0,0,0,5,3,0,0,0
3,Battlefield Air Interdiction,1,4,3,2,5,16,3,1,1,1,15,1,1,0,0,1,1,1,1,1,1,1,1,1,2,25,75,1000,1,1,0,1,0,0,0,0,6,2,0,0,0
4,Barrier Combat Air Patrol,2,7,1,1,0,0,3,1,2,1,15,1,1,0,0,1,1,1,1,1,1,0,1,0,0,100,100,0,1,1,0,1,0,0,0,6,0,3,0,0,0
5,Battle Damage Assessment,0,9,1,0,5,0,3,1,0,0,15,1,1,0,0,1,1,1,1,1,1,0,1,0,3,100,100,1000,1,0,0,1,0,0,0,0,0,3,5,0,0
6,Close Air Support,1,6,3,2,5,16,3,2,1,1,15,1,1,0,0,1,1,1,1,1,1,1,1,1,2,25,75,1000,1,1,0,1,0,0,0,0,8,2,0,0,0
7,Coastal Patrol,2,1,0,0,5,0,0,1,2,0,15,1,1,0,0,1,0,1,1,1,1,0,0,0,0,100,100,0,3,0,0,0,0,0,1,0,0,0,0,0,0
8,Combat Air Patrol,2,5,1,1,0,0,3,1,2,1,15,1,1,0,0,1,1,1,1,1,1,0,1,0,3,100,100,750,1,1,0,1,0,0,0,6,0,0,0,0,0
9,Engage,3,10,0,0,4,2,3,1,1,1,15,0,0,1,0,0,0,0,0,0,0,0,0,0,0,100,100,0,4,1,1,1,1,1,1,0,0,0,0,0,0
10,Escort,2,7,1,0,1,11,3,1,2,1,15,1,1,0,0,1,1,1,1,1,1,2,1,0,3,25,100,1000,1,1,0,1,0,0,0,4,2,0,0,0,0
11,Free Flight,3,7,1,0,5,0,3,1,0,0,15,1,1,0,0,1,1,1,1,1,1,0,0,0,0,100,100,0,1,0,0,1,0,0,0,0,0,0,0,0,0
12,Ground Strike,1,9,4,2,5,3,3,2,2,1,3,1,1,0,0,1,1,1,1,1,1,1,1,1,2,10,25,1000,1,1,0,1,0,0,0,0,8,0,0,0,0
13,Landing,3,10,0,0,5,0,0,1,0,0,15,1,0,1,1,0,0,0,0,0,0,0,0,0,0,100,100,0,4,1,1,1,1,1,1,0,0,0,0,0,0
14,Landing Holding,3,10,0,0,5,0,0,1,0,0,15,1,0,1,1,0,0,0,0,0,0,0,0,0,0,100,100,0,4,1,1,1,1,1,1,0,0,0,0,0,0
15,Offensive Counter Air Strike,1,6,4,2,5,9,3,1,2,1,15,1,1,0,0,1,2,1,1,1,1,1,0,0,0,10,33,0,1,1,0,0,0,0,0,0,6,5,0,0,0
16,Offensive Counter Air Sweep,1,7,4,1,0,0,3,1,2,1,15,1,1,0,0,1,2,1,1,1,1,1,0,0,0,25,50,0,1,1,0,0,0,0,0,5,0,5,0,0,0
17,Recon,0,7,1,0,5,0,2,1,0,0,15,1,1,0,0,1,1,1,1,1,1,0,1,0,4,100,100,1000,1,0,0,1,0,0,0,0,0,3,5,0,0
18,Repair,2,5,0,0,5,0,3,1,0,0,5,1,1,0,0,1,1,1,1,1,1,2,0,0,0,100,100,0,1,0,0,1,0,0,0,0,0,0,0,6,0
19,Retreat,2,9,0,0,1,11,0,1,2,0,15,1,1,0,0,1,0,0,0,1,0,0,0,0,0,100,100,0,2,0,0,0,1,0,0,0,0,0,0,0,0
20,Suppression of Enemy Air Defences,1,9,4,2,5,16,3,2,1,1,5,1,1,0,0,1,1,1,1,1,1,1,1,1,2,10,100,1000,1,1,0,1,0,0,0,0,6,0,0,0,0
21,Supply,2,4,0,0,5,0,3,1,0,0,6,1,1,0,0,1,2,1,1,1,0,0,0,0,0,100,100,0,1,0,1,1,0,0,0,0,0,0,0,5,0
22,Takeoff,3,10,0,0,5,0,0,1,0,0,15,1,0,1,1,0,0,0,0,0,0,0,0,0,0,100,100,0,4,1,1,1,1,1,1,0,0,0,0,0,0
23,Takeoff Holding,3,10,0,0,5,0,0,1,0,0,15,1,0,1,1,0,0,0,0,0,0,0,0,0,0,100,100,0,4,1,1,1,1,1,1,0,0,0,0,0,0
24,Transfer Fixed Wing,2,5,1,0,5,0,3,1,0,0,6,1,1,0,0,0,2,1,1,1,1,0,0,0,0,100,100,0,1,1,1,0,0,0,0,0,0,0,0,0,0
25,Transfer Helicopter,2,7,1,0,5,0,3,1,0,0,7,1,1,0,0,1,1,1,1,1,1,0,0,0,0,100,100,500,1,0,0,1,0,0,0,0,0,0,0,0,0
26,Troop Insertion,1,10,2,0,5,0,3,1,0,0,3,1,1,0,0,1,1,1,1,1,1,1,0,0,0,100,100,0,1,0,0,1,0,0,0,0,0,0,0,0,8
27,Troop Movement (Insert/capture),3,5,2,0,5,0,0,1,2,1,15,1,0,0,0,0,0,0,0,1,1,0,0,0,0,100,100,0,2,0,0,0,0,1,0,0,0,0,0,0,0
28,Troop Movement (Insert/Defend),3,5,2,0,5,0,0,1,2,1,15,1,0,0,0,0,0,0,0,1,1,0,0,0,0,100,100,0,2,0,0,0,0,1,0,0,0,0,0,0,0
29,Troop Movement (Patrol),3,5,2,0,5,0,0,1,2,1,15,0,1,0,0,0,0,1,0,1,1,0,0,0,0,100,100,0,2,0,0,0,0,1,0,0,0,0,0,0,0
[WAYPOINTS]
0,Approach,18,1,97,62,7,0,0,0,0,0,0,1000,1000,0.5,0,0,0,1,0,1000,1000,0.7,0,0,0,1,0,1000,1000,1,0,0,0,1,0,1000,1000,1,0,0,0,1
1,Attack,2,0,63,97,7,0,1,0,1,0,8000,8000,2000,1,0,0,0,1,5000,5000,500,1,0,0,0,1,0,1000,1000,1,0,0,0,1,0,1000,1000,1,0,0,0,1
2,CAP Loop,7,0,97,75,7,0,1,0,0,0,0,150,150,1,0,0,0,1,0,40,40,1,0,0,0,1,0,1,1,1,0,0,0,2,0,20,20,1,0,0,0,3
3,CAP Start,7,0,97,75,7,0,0,0,0,0,0,150,150,1,0,0,0,1,0,40,40,1,0,0,0,1,0,1,1,1,0,0,0,2,0,20,20,1,0,0,0,3
4,Convoy,11,1,97,64,7,0,0,0,0,0,0,20,20,1,0,0,0,1,0,40,40,1,0,0,0,1,0,1,1,1,0,0,0,2,0,20,20,1,0,0,0,3
5,Defend,11,1,97,65,8,0,0,0,0,0,0,20,20,1,0,0,0,1,0,20,20,1,0,0,0,1,0,1,1,1,1,0,0,2,0,20,20,1,0,0,0,3
6,Drop Off,13,0,97,66,7,0,1,0,0,0,0,100,100,0.6,0,0,0,1,0,40,40,0.6,0,0,0,1,0,1,1,1,0,0,0,2,0,20,20,1,0,0,0,3
7,End,7,0,97,67,8,0,0,0,0,0,0,20,20,1,0,0,0,1,0,40,40,1,0,0,0,1,0,1,1,1,0,0,0,2,0,20,20,1,0,0,0,3
8,Escort,1,0,97,97,0,0,1,0,0,1,0,500,500,1,0,0,2,1,0,100,100,1,0,0,2,1,0,1,1,1,0,0,2,2,0,20,20,1,0,0,2,3
9,Finish Drop Off,13,0,97,68,7,0,0,0,0,0,0,100,100,0.6,0,0,0,1,0,40,40,0.6,0,0,0,1,0,1,1,1,0,0,0,2,0,20,20,1,0,0,0,3
10,Holding,9,0,97,75,7,0,0,0,0,0,0,150,150,1,0,0,0,1,0,50,50,1,1,0,0,1,0,1,1,1,0,0,0,2,0,20,20,1,0,0,0,3
11,Holding Loop,9,0,97,73,9,0,0,0,0,0,0,100,100,0.8,0,0,0,1,0,40,40,0.8,0,0,0,1,0,1,1,1,0,0,0,2,0,20,20,1,0,0,0,3
12,Impossible,2,0,97,97,0,0,0,0,0,0,0,1000,1000,1,0,0,0,1,0,1000,1000,1,0,0,0,1,0,5,5,1,0,0,0,2,0,50,50,1,0,0,0,3
13,Land,10,0,97,70,8,0,0,0,0,0,0,500,500,1,0,0,0,1,0,500,500,1,0,0,0,1,0,1,1,1,0,0,0,2,0,10,10,1,0,0,0,3
14,Landed,17,1,97,71,8,0,0,0,0,5,0,2,2,0.04,0,0,0,1,0,2,2,0.1,0,0,0,1,0,1,1,1,0,0,0,2,0,20,20,1,0,0,0,3
15,Lift Off,20,1,97,72,7,0,0,0,0,4,0,25,25,0.4,0,0,0,1,0,0,0,0,0,0,0,1,0,0,0,0,0,0,0,1,0,0,0,0,0,0,0,1
16,Lower Undercarriage,10,1,74,97,7,0,0,0,1,0,0,100,100,0.5,0,0,0,1,0,40,15,0.6,0,0,0,1,0,1,1,1,0,0,0,2,0,20,20,1,0,0,0,3
17,Navigation,7,0,97,75,7,1,0,0,0,0,0,150,150,1,0,0,0,1,0,50,50,1,1,0,0,1,0,1,1,1,0,0,0,2,0,20,20,1,0,0,0,3
18,Prepare For Drop Off,13,0,97,76,7,0,0,0,0,0,0,100,100,0.6,0,0,0,1,0,40,40,0.6,0,0,0,1,0,1,1,1,0,0,0,2,0,20,20,1,0,0,0,3
19,Pick Up,13,0,97,77,7,0,0,0,0,0,0,100,100,0.6,0,0,0,1,0,40,40,0.6,0,0,0,1,0,1,1,1,0,0,0,2,0,20,20,1,0,0,0,3
20,Raise Undercarriage,20,1,97,78,7,0,0,1,0,4,0,100,100,0.7,0,0,0,1,0,15,15,0.2,0,0,0,1,0,1,1,1,0,0,0,2,0,20,20,1,0,0,0,3
21,Recon,12,0,80,81,8,0,1,0,1,0,8000,1500,1500,1,0,1,0,1,5000,1000,250,1,0,1,0,1,0,1,1,1,0,0,0,2,0,20,20,1,0,0,0,3
22,Repair,12,0,97,82,8,0,1,0,0,0,0,400,400,0.6,0,1,0,1,0,50,50,0.5,0,1,0,1,0,1,1,1,0,0,0,2,0,20,20,1,0,0,0,3
23,Reverse Convoy,11,0,97,83,7,0,0,0,0,2,0,20,20,1,0,0,0,1,0,20,20,1,0,0,0,1,0,1,1,1,0,0,0,2,0,20,20,1,0,0,0,3
24,Start Up,14,1,97,84,7,0,0,0,0,4,0,3,3,0.06,0,0,0,1,0,0,0,0,0,0,0,1,0,0,0,0,0,0,0,2,0,0,0,0,0,0,0,3
25,Sub Route Navigation,11,1,97,85,7,0,0,0,0,0,0,0,0,0,0,0,0,1,0,0,0,0,0,0,0,1,0,1,1,1,0,0,0,2,0,0,0,0,0,0,0,3
26,Taken Off,20,1,97,86,8,0,0,1,0,0,0,150,150,0.8,0,0,0,1,0,40,40,0.8,0,0,0,1,0,1,1,1,0,0,0,2,0,20,20,1,0,0,0,3
27,Target,6,0,97,67,8,0,0,0,0,0,0,150,150,0.75,0,0,2,1,0,20,20,1,0,0,2,1,0,10,10,1,0,0,2,2,0,1000,1000,1,0,0,2,3
28,Taxi,21,1,97,87,7,0,0,1,0,4,0,10,10,0.04,0,0,0,1,0,10,10,0.2,0,0,0,1,0,1,1,1,0,0,0,2,0,20,20,1,0,0,0,3
29,Touch Down,21,1,97,88,7,0,0,0,0,4,0,30,30,0.4,0,0,0,1,0,0,0,0,0,0,0,1,0,0,0,0,0,0,0,1,0,0,0,0,0,0,0,1
30,Capture,13,0,97,89,7,0,0,0,0,0,0,0,0,0,0,0,0,1,0,1,1,0.2,0,0,0,1,0,1,1,0,0,0,0,1,0,0,0,0,0,0,0,1
31,Defend,13,0,97,90,7,0,0,0,0,0,0,0,0,0,0,0,0,1,0,1,1,0.2,0,0,0,1,0,1,1,0,0,0,0,1,0,0,0,0,0,0,0,1
32,Insert Troops,13,0,97,92,7,0,1,0,0,3,0,0,0,0,0,0,0,1,0,5,5,0.2,1,0,0,1,0,0,0,0,0,0,0,1,0,0,0,0,0,0,0,1
33,Troop Pickup Point End,13,1,97,93,7,0,0,0,0,3,0,0,0,0,0,0,0,1,0,0,0,0,0,0,0,1,0,1,1,5,1,0,0,2,0,0,0,0,0,0,0,2
34,Troop Pickup Point Start,13,0,97,94,7,0,0,0,0,0,0,0,0,0,0,0,0,1,0,0,0,0,0,0,0,1,0,1,1,5,1,0,0,2,0,0,0,0,0,0,0,2
35,Troop Putdown Point,13,1,97,95,7,0,0,0,0,3,0,0,0,0,0,0,0,1,0,0,0,0,0,0,0,1,0,1,1,5,1,0,0,2,0,0,0,0,0,0,0,2
36,Wait,13,0,97,96,0,0,0,0,0,3,0,0,0,0,0,0,0,1,0,1,1,0.2,0,0,0,1,0,0,0,0,1,0,0,1,0,0,0,0,0,0,0,1
[GUIDE CRITERIA]
0,Navigation Direct,1,1,1,1,0,0,0,0,0,0,0,0,0,0,0,0
1,Navigation Virtual,1,1,2,1,0,0,0,0,0,0,0,0,0,0,0,0
2,Navigation Routed,0,1,1,0,0,0,0,0,0,0,0,0,0,0,0,0
3,Navigation Altitude,0,1,1,0,0,0,1,1,1,0.5,0,0,0,0,0,0
4,Landing Direct,0,1,1,0,0,0,0,0,0,0,0,0,0,0,0,0
5,Landed,0,1,1,0,0,0,1,360,1,0.5,0,0,0,0,0,0
6,Attack AA Move Six,1,0,0,1,0,0,0,0,0,0,0,0,0,0,0,0
7,Attack AA Move Circle,1,0,0,1,0,0,0,0,0,0,0,0,0,0,0,0
8,Attack AA Fire Intercept,0,0,3,1,0,0,0,0,0,0,0,0,0,0,0,0
9,Attack AG Approach,1,0,0,2,0,0,0,0,0,0,0,0,0,0,0,0
10,Attack AG Seek Cover,1,0,0,2,0,0,0,0,0,0,0,0,0,0,0,0
11,Attack AG Fly To Cover,1,0,0,2,0,0,0,0,0,0,0,0,0,0,0,0
12,Attack AG Take Cover,1,0,0,0,0,0,0,0,0,0,0,0,0,0,0,0
13,Attack AG Climb,1,0,0,2,0,0,0,0,0,0,0,0,0,0,0,0
14,Attack AG Dive,1,0,0,1,0,0,0,0,0,0,0,0,0,0,0,0
15,Attack AG Fire,1,0,0,0,0,0,0,0,0,0,0,0,0,0,0,0
16,Attack AG Fire Virtual,1,0,3,0,0,0,0,0,0,0,0,0,0,0,0,0
17,Attack AG Disengage,0,0,0,0,0,0,0,0,0,0,0,0,0,0,0,0
18,Attack AG Disengage Virtual,0,0,3,0,0,0,0,0,0,0,0,0,0,0,0,0
19,Attack AG Egress,1,0,0,2,0,0,0,0,0,0,0,0,0,0,0,0
20,Attack AG Hasty Fire,1,0,0,0,0,0,0,0,0,0,0,0,0,0,0,0
21,Attack AG Hasty Take Cover,1,0,0,0,0,0,0,0,0,0,0,0,0,0,0,0
[AMMO]
0,AH-64D Apache Longbow,1,50,67,30,68,30,7,1200,145,1,146,1,130,19,131,19,345,2,346,2,330,19,331,19,536,2
1,Mi-28N Havoc B,51,80,67,30,68,30,19,130,20,130,139,4,134,20,135,5,15,250,349,8,339,4,334,20,335,5
2,RAH-66 Comanche,81,464,67,30,68,30,3,500,836,2,845,1,846,1,936,2,945,1,946,1,736,2,745,1,746,1,136,8,145,4,146,4,130,19,131,19
3,Ka-52 Hokum B,465,494,67,30,68,30,19,230,20,240,71,1,72,1,73,1,74,1,75,1,239,2,234,20,235,5,15,250,50,6,439,2,434,20,435,5
4,UH-60 Black Hawk,495,503,67,30,68,30,131,19,345,4,145,4,331,19
5,Mi-24D Hind,504,521,67,30,68,30,13,1470,134,20,333,32,51,2,133,32,334,20
6,CH-46E Sea Knight,522,522,67,30,68,30
7,Ka-29 Helix B,523,523,67,30,68,30,34,20,33,32
8,CH-3 Jolly Green Giant,524,524,67,30,68,30
9,Mi-17 Hip,525,525,67,30,68,30,34,20,33,32
10,CH-47D Chinook,526,526,67,30,68,30
11,Mi-6 Hook,527,527,67,30,68,30
12,A-10A Thunderbolt,528,528,67,30,68,30,6,1174,32,19,37,2
13,Su-25 Frogfoot,529,529,67,30,68,30,22,250,34,20,40,1
14,F-16 Fighting Falcon,530,531,67,30,68,30,2,512,37,1,38,1,47,3
15,MiG-29 Fulcrum,532,533,67,30,68,30,16,150,42,1,43,1,44,1,52,1
16,AV-8B Harrier,534,534,67,30,68,30,4,300,32,19,37,1
17,Yak-41 Freestyle,535,535,67,30,68,30,16,120,34,20,40,1
18,F/A-18 Hornet,536,537,67,30,68,30,2,512,37,1,38,1,48,3
19,Su-33 Flanker,538,539,67,30,68,30,16,120,40,1,41,1,43,1,42,1,53,1
20,AH-64A Apache,540,571,67,30,68,30,7,1200,146,4,130,19,131,19,346,4,330,19,331,19,536,2
21,Ka-50 Hokum,572,601,67,30,68,30,19,130,20,130,239,2,234,20,235,5,15,250,50,6,439,2,434,20,435,5
22,OH-58D Kiowa Warrior,602,602,67,30,68,30,36,2,45,2
23,MV-22 Osprey,603,603,67,30,68,30
24,AH-1T SeaCobra,604,604,67,30,68,30,3,1345,36,2,45,4
25,AH-1W SuperCobra,605,605,67,30,68,30,3,1345,36,2,45,4
26,CH-53E Super Stallion,606,606,67,30,68,30
27,C-17 Globemaster III,607,607,67,30,68,30,70,10
28,Il-76MD Candid-B,608,608,67,30,68,30,70,10
29,C-130J Hercules II,609,609,67,30,68,30,70,5
30,An-12B Cub,610,610,67,30,68,30,70,5
0,M1A2 Abrams,611,611,9,40,1,1000,69,12
1,T-80U,612,612,28,36,66,6,12,300,69,8
2,M2A2 Bradley,613,613,5,900,63,2,69,8
3,BMP-2,614,614,18,500,64,4,69,6
4,BMP-3,615,615,26,40,65,6,21,500,69,6
5,M113A2,616,616,1,2000
6,BTR-80,617,617,14,500,69,6
8,BRDM-2,618,618,14,500
9,M109A2,619,619,10,36,1,500
10,2S19,620,620,29,50,12,300,69,6
11,M270 MLRS,621,621,11,12
12,BM-21 Grad,622,622,27,40
13,M163 Vulcan,623,623,2,2280
14,SA-19 Grison,624,624,17,476,60,4
15,M1037 Avenger,625,625,55,8
16,M48A1 Chaparral,626,626,54,4
17,SA-13 Gopher,627,627,59,4
25,Tarawa Class,628,628,5,300,57,8
26,Kiev Class,629,629,62,2,61,2,24,40,23,300
27,Oliver Hazard Perry Class,630,630,8,40,56,1
28,Krivak II Class,631,631,25,40,62,2
31,Aist Class,632,632,23,300
33,Infantry with SAM,633,633,55,4
34,Infantry with SAM,634,634,55,4
36,Infantry with SAM,635,635,58,4
37,Infantry with SAM,636,636,58,4
[RADAR]
0,Comanche,500,1000,2000,4000,8000
1,Apache,500,1000,2000,4000,8000
2,Blackhawk,500,1000,2000,4000,8000
3,Hokum,1000,2000,4000,6000,10000
4,Havoc,1000,2000,4000,6000
5,Hind,1000,2000,4000,6000
[End of GWUT file]
